{
   "1001":"Session expirée",
   "1002":"Tâche inconnue",
   "1003":"L'adresse e-mail est obligatoire",
   "1004":"Le mot de passe est requis",
   "1005":"Erreur inconnue",
   "1006":"Email invalide",
   "1007":"Erreur inconnue",
   "1008":"Email / mot de passe invalide",
   "1009":"Erreur inconnue",
   "1010":"Email invalide",
   "1011":"Erreur inconnue",
   "1012":"Email / mot de passe invalide",
   "1013":"Vous avez été bloqué par votre administration, contactez-nous au: +33 1 21 23 34 34",
   "1014":"Le compte n'existe pas",
   "1015":"Session expirée",
   "1016":"Erreur inconnue",
   "1017":"Email déjà validé",
   "1018":"Erreur inconnue",
   "1019":"Email déjà validé",
   "1020":"Erreur: Vous êtes connecté à partir d'une zone inhabituelle",
   "1021":"Erreur: Vous êtes connecté à partir d'une zone inhabituelle",
   "1022":"Erreur",
   "1023":"Erreur",
   "1024":"Erreur",
   "1025":"Le prénom est requis",
   "1026":"Votre nom de famille est requis",
   "1027":"Votre date de naissance est requise",
   "1028":"Votre adresse e-mail est obligatoire",
   "1029":"Le mot de passe est requis",
   "1030":"Le mot de passe de confirmation est requis",
   "1031":"Les mots de passe ne correspondent pas",
   "1032":"L'email existe déjà",
   "1033":"Session expirée",
   "1034":"Le numéro de téléphone est requis",
   "1035":"Entrez un numéro de portable valide",
   "1036":"Indicatif est requis",
   "1037":"Le numéro de téléphone existe déjà",
   "1038":"Session expirée",
   "1039":"Mauvais code",
   "1040":"Les questions du tableau sont vides",
   "1041":"Session expirée",
   "1042":"Code erroné",
   "1043":"La première question est requise",
   "1044":"La deuxième question est requise",
   "1045":"La question 3 est requise",
   "1046":"La réponse 1 est requise",
   "1047":"La réponse 2 est requise",
   "1048":"La réponse 3 est requise",
   "1049":"Erreur Geoloc",
   "1050":"Le courrier existe déjà",
   "1051":"Le numéro de téléphone existe déjà",
   "1052":"Erreur inconnue",
   "1053":"Erreur inconnue",
   "1054":"Erreur inconnue",
   "1055":"Erreur inconnue",
   "1056":"Erreur inconnue",
   "1057":"Action définie",
   "1058":"Session expirée",
   "1059":"Le numéro de téléphone est requis",
   "1060":"Désolé, ce numéro de téléphone n'existe pas",
   "1061":"Session expirée",
   "1062":"Mauvais code",
   "1063":"Session expirée",
   "1064":"Action définie",
   "1065":"Session expirée",
   "1066":"Le code est requis",
   "1067":"Mauvais code",
   "1068":"Session expirée",
   "1069":"Le mot de passe est requis",
   "1070":"Un mot de passe de confirmation est requis",
   "1071":"Confirmer le mot de passe Doit être égal au mot de passe",
   "1072":"Vous ne pouvez pas utiliser un mot de passe déjà utilisé",
   "1073":"Vous ne pouvez pas utiliser un mot de passe déjà utilisé",
   "1074":"Erreur inconnue",
   "1075":"Erreur inconnue",
   "1076":"Erreur inconnue",
   "1077":"Le prénom est requis",
   "1078":"Votre nom de famille est requis",
   "1079":"Erreur inconnue",
   "1080":"Le prénom est requis",
   "1081":"Votre nom de famille est obligatoire",
   "1082":"Votre date de naissance est requise",
   "1083":"Erreur inconnue",
   "1084":"Entrez une adresse e-mail valide",
   "1085":"Le courrier électronique doit être différent du courrier électronique actuel",
   "1086":"email et confirmation ne correspondent pas",
   "1087":"Erreur",
   "1088":"Le courrier existe déjà",
   "1089":"Erreur inconnue",
   "1090":"Erreur inconnue",
   "1091":"Votre date de naissance est requise",
   "1092":"Le numéro de téléphone est requis",
   "1093":"Entrez un numéro de portable valide",
   "1094":"Indicatif est requis",
   "1095":"Le numéro de téléphone doit être différent du courant",
   "1096":"Le numéro de téléphone existe déjà",
   "1097":"Le mot de passe réel est requis",
   "1098":"Le mot de passe réel est erroné",
   "1099":"Nouveau mot de passe requis",
   "1100":"Un mot de passe de confirmation est requis",
   "1101":"Confirmer le mot de passe Doit être égal au mot de passe",
   "1102":"Vous ne pouvez pas utiliser un mot de passe déjà utilisé",
   "1103":"Session expirée",
   "1104":"Erreur inconnue",
   "1105":"Erreur inconnue",
   "1106":"Erreur inconnue",
   "1107":"Code incorrect",
   "1108":"Action définie",
   "1109":"L'adresse complète est requise",
   "1110":"Adresse invalide Veuillez sélectionner une adresse dans la liste des auto complétions.",
   "1111":"La ligne 1 est requise",
   "1112":"La ville est requise",
   "1113":"Le pays est requis",
   "1114":"Erreur",
   "1115":"Erreur",
   "1116":"Erreur",
   "1117":"Erreur",
   "1118":"Erreur: le paramètre client n'existe pas",
   "1119":"Erreur",
   "1120":"Erreur",
   "1121":"Erreur",
   "1122":"Erreur",
   "1123":"Erreur inconnue",
   "1124":"Erreur inconnue",
   "1125":"Erreur inconnue",
   "1126":"Type de fichier non pris en charge!",
   "1127":"Impossible de redimensionner l'image!",
   "1128":"Erreur: le paramètre client n'existe pas",
   "1129":"Erreur",
   "1130":"Impossible d'enregistrer le fichier.",
   "1131":"Erreur inconnue",
   "1132":"Extension de fichier non valide",
   "1133":"Extension de fichier invalide",
   "1134":"Type de fichier invalide",
   "1135":"Le fichier est trop grand",
   "1136":"Le fichier téléchargé n'est pas une image valide",
   "1137":"Le fichier doit avoir un nom",
   "1138":"Un fichier avec ce nom existe déjà",
   "1139":"Impossible d'enregistrer le fichier!",
   "1140":"Erreur inconnue",
   "1141":"La première question est requise",
   "1142":"La question 2 est requise",
   "1143":"La question 3 est requise",
   "1144":"La réponse 1 est requise",
   "1145":"La réponse 2 est requise",
   "1146":"La réponse 3 est requise",
   "1147":"Erreur inconnue",
   "1148":"Le mot de passe est requis",
   "1149":"Mot de passe incorrect",
   "1150":"Vous ne pouvez pas supprimer votre profil avant d'avoir partagé des comptes.",
   "1151":"Vous ne pouvez pas supprimer votre profil avant d'avoir de l'argent sur vos comptes ou des demandes en attente de validation.",
   "1152":"La demande n'est pas à vous",
   "1153":"Action définie",
   "1154":"Session expirée",
   "1155":"La réponse 1 est requise",
   "1156":"La réponse 1 est fausse",
   "1157":"La réponse 2 est requise",
   "1158":"La réponse 2 est fausse",
   "1159":"La réponse 3 est requise",
   "1160":"La réponse 3 est fausse",
   "1161":"La réponse 1 est requise",
   "1162":"La réponse 1 est fausse",
   "1163":"La réponse 2 est requise",
   "1164":"La réponse 2 est fausse",
   "1165":"La réponse 3 est requise",
   "1166":"La réponse 3 est fausse",
   "1167":"Session expirée",
   "1168":"Code erroné",
   "1169":"Action définie",
   "1170":"Vous ne pouvez pas avoir plus de 5 comptes",
   "1171":"L'étiquette est obligatoire",
   "1172":"Photo est requis",
   "1173":"Erreur inconnue",
   "1174":"Vous ne pouvez pas avoir plus de 5 comptes",
   "1175":"L'étiquette est obligatoire",
   "1176":"Photo est requis",
   "1177":"Erreur inconnue",
   "1178":"Erreur inconnue",
   "1179":"L'étiquette est obligatoire",
   "1180":"Photo est requis",
   "1181":"Vous n'êtes pas le propriétaire du compte",
   "1182":"Erreur inconnue",
   "1183":"Erreur inconnue",
   "1184":"Erreur inconnue",
   "1185":"Erreur inconnue",
   "1186":"Erreur inconnue",
   "1187":"Vous n'êtes pas le propriétaire du compte",
   "1188":"Vous ne pouvez pas supprimer votre compte tant que vous n'avez pas ouvert de compte",
   "1189":"Vous devez lire toutes les notifications.",
   "1190":"Vous devez avoir au moins un compte",
   "1191":"Vous ne pouvez pas supprimer votre compte avant d'avoir de l'argent sur votre compte ou des demandes en attente de validation.",
   "1192":"Erreur inconnue",
   "1193":"Erreur inconnue",
   "1194":"Vous n'êtes pas le propriétaire du compte",
   "1195":"Vous ne pouvez pas supprimer votre compte tant que vous n'avez pas ouvert de compte",
   "1196":"Vous devez lire toutes les notifications.",
   "1197":"Vous devez avoir au moins un compte",
   "1198":"Vous ne pouvez pas supprimer votre compte avant d'avoir de l'argent sur votre compte ou des demandes en attente de validation.",
   "1199":"Erreur inconnue",
   "1200":"Erreur inconnue",
   "1201":"Erreur inconnue",
   "1202":"Le courrier électronique est requis",
   "1203":"L'email n'est pas connecté à un compte PIM.",
   "1204":"Vous êtes le propriétaire du compte",
   "1205":"Aucun résultat correspondant à votre recherche",
   "1206":"Le numéro de téléphone est requis",
   "1207":"Le téléphone n'est pas connecté à un compte PIM.",
   "1208":"Vous êtes le propriétaire du compte",
   "1209":"Le tableau des catégories est vide",
   "1210":"La catégorie est requise",
   "1211":"Aucune sous-catégorie pour cette catégorie",
   "1212":"Pas de comptes pour les transferts",
   "1213":"Le compte est requis",
   "1214":"Le compte n'existe pas dans notre base de données",
   "1215":"Le compte est requis",
   "1216":"Le compte n'existe pas dans notre base de données",
   "1217":"Le compte est requis",
   "1218":"Le compte n'existe pas dans notre base de données",
   "1219":"Utilisateur suspendu",
   "1220":"Vous avez été bloqué par votre administration, contactez-nous au: +33 1 21 23 34 34",
   "1221":"Montant est requis",
   "1222":"Le montant doit être supérieur à 0",
   "1223":"Le compte est requis",
   "1224":"Vous devez ajouter un destinataire",
   "1225":"Géolocalisation d'erreur",
   "1226":"Erreur inconnue",
   "1227":"Le compte n'existe pas dans notre base de données",
   "1228":"Le profil du destinataire n'existe pas dans notre base de données",
   "1229":"Vous ne pouvez pas être le destinataire et l'expéditeur en même temps",
   "1230":"Les destinataires ont été bloqués par son administration.",
   "1231":"Montant non disponible dans ce compte",
   "1232":"Erreur inconnue",
   "1233":"Erreur inconnue",
   "1234":"Erreur",
   "1235":"Erreur inconnue",
   "1236":"Erreur inconnue",
   "1237":"Utilisateur suspendu",
   "1238":"Vous avez été bloqué par votre administration, contactez-nous au: +33 1 21 23 34 34",
   "1239":"Montant est requis",
   "1240":"Le montant doit être supérieur à 0",
   "1241":"Le compte est requis",
   "1242":"Vous devez ajouter le destinataire",
   "1243":"Géolocalisation d'erreur",
   "1244":"Erreur inconnue",
   "1245":"Le compte n'existe pas dans notre base de données",
   "1246":"Le profil du destinataire n'existe pas dans notre base de données",
   "1247":"Vous ne pouvez pas être le destinataire et l'expéditeur en même temps",
   "1248":"Les destinataires ont été bloqués par son administration.",
   "1249":"Montant non disponible dans ce compte",
   "1250":"Demande d'erreur",
   "1251":"La requête n'existe pas dans notre base de données",
   "1252":"La demande ne vous appartient pas",
   "1253":"Erreur inconnue",
   "1254":"Erreur inconnue",
   "1255":"Erreur inconnue",
   "1256":"Erreur",
   "1257":"Erreur inconnue",
   "1258":"Erreur inconnue",
   "1259":"Erreur inconnue",
   "1260":"Erreur inconnue",
   "1261":"Erreur inconnue",
   "1262":"Demande d'erreur",
   "1263":"La requête n'existe pas dans notre base de données",
   "1264":"La demande ne vous appartient pas",
   "1265":"Erreur inconnue",
   "1266":"Demande d'erreur",
   "1267":"La requête n'existe pas dans notre base de données",
   "1268":"La demande ne vous appartient pas",
   "1269":"Erreur inconnue",
   "1270":"Erreur",
   "1271":"Utilisateur suspendu",
   "1272":"Vous avez été bloqué par votre administration, contactez-nous au: +33 1 21 23 34 34",
   "1273":"Une demande est requise",
   "1274":"Géolocalisation d'erreur",
   "1275":"La requête n'existe pas dans notre base de données",
   "1276":"La transaction n'est pas envoyée pour vous",
   "1277":"Le compte expéditeur n'existe pas dans notre base de données",
   "1278":"Le compte expéditeur a été supprimé",
   "1279":"Le compte n'existe pas dans notre base de données",
   "1280":"Erreur inconnue",
   "1281":"Utilisateur suspendu",
   "1282":"Vous avez été bloqué par votre administration, contactez-nous au: +33 1 21 23 34 34",
   "1283":"Une demande est requise",
   "1284":"Géolocalisation d'erreur",
   "1285":"La requête n'existe pas dans notre base de données",
   "1286":"La transaction n'est pas envoyée pour vous",
   "1287":"Le compte expéditeur n'existe pas dans notre base de données",
   "1288":"Le compte expéditeur a été supprimé",
   "1289":"Le compte n'existe pas dans notre base de données",
   "1290":"Utilisateur suspendu",
   "1291":"Vous avez été bloqué par votre administration, contactez-nous au: +33 1 21 23 34 34",
   "1292":"Une demande est requise",
   "1293":"Le compte est requis",
   "1294":"Erreur Géolocalisation",
   "1295":"Le compte récepteur n'existe pas dans notre base de données",
   "1296":"La requête n'existe pas dans notre base de données",
   "1297":"La transaction n'est pas envoyée pour vous",
   "1298":"Le compte expéditeur n'existe pas dans notre base de données",
   "1299":"Le compte expéditeur a été supprimé",
   "1300":"Le compte expéditeur n'existe pas dans notre base de données",
   "1301":"Erreur inconnue",
   "1302":"Utilisateur suspendu",
   "1303":"Vous avez été bloqué par votre administration, contactez-nous au: +33 1 21 23 34 34",
   "1304":"Une demande est requise",
   "1305":"Le compte est requis",
   "1306":"Erreur Géolocalisation",
   "1307":"Le compte récepteur n'existe pas dans notre base de données",
   "1308":"La requête n'existe pas dans notre base de données",
   "1309":"La transaction n'est pas envoyée pour vous",
   "1310":"Le compte expéditeur n'existe pas dans notre base de données",
   "1311":"Le compte expéditeur a été supprimé",
   "1312":"Le compte expéditeur n'existe pas dans notre base de données",
   "1313":"Une demande est requise",
   "1314":"La demande n'existe pas ou n'est pas la vôtre",
   "1315":"Erreur inconnue",
   "1316":"Notification obligatoire",
   "1317":"Erreur inconnue",
   "1318":"Erreur inconnue",
   "1319":"Erreur inconnue",
   "1320":"Erreur inconnue",
   "1321":"Erreur inconnue",
   "1322":"Erreur inconnue",
   "1323":"Erreur inconnue",
   "1324":"La notification n'est pas à vous",
   "1325":"La notification n'existe pas",
   "1326":"Erreur",
   "1327":"Erreur",
   "1328":"Erreur",
   "1329":"Utilisateur suspendu",
   "1330":"Vous avez été bloqué par votre administration, contactez-nous au: +33 1 21 23 34 34",
   "1331":"Utilisateur suspendu",
   "1332":"Vous avez été bloqué par votre administration, contactez-nous au: +33 1 21 23 34 34",
   "1333":"Montant est requis",
   "1334":"Le montant doit être supérieur à 0",
   "1335":"Le compte est requis",
   "1336":" Erreur  Géolocalisation",
   "1337":"Le compte n'existe pas dans notre base de données",
   "1338":"Erreur inconnue",
   "1339":"Erreur inconnue",
   "1340":"Le QR Code est requis",
   "1341":"Vous ne pouvez pas être le destinataire et l'expéditeur",
   "1342":"Code déjà scanné",
   "1343":"La demande n'existe pas",
   "1344":"Utilisateur suspendu",
   "1345":"Vous avez été bloqué par votre administration, contactez-nous au: +33 1 21 23 34 34",
   "1346":"Une demande est requise",
   "1347":"Le compte est requis",
   "1348":"Erreur Géolocalisation",
   "1349":"Le compte expéditeur n'existe pas dans notre base de données",
   "1350":"La requête n'existe pas dans notre base de données",
   "1351":"Erreur inconnue",
   "1352":"Le compte destinataire n'existe pas dans notre base de données",
   "1353":"Le compte du destinataire a été supprimé",
   "1354":"Vous ne pouvez pas être le destinataire et l'expéditeur",
   "1355":"Le compte du destinataire n'existe pas dans notre base de données",
   "1356":"Montant non disponible dans ce compte",
   "1357":"Erreur inconnue",
   "1358":"Utilisateur suspendu",
   "1359":"Vous avez été bloqué par votre administration, contactez-nous au: +33 1 21 23 34 34",
   "1360":"Une demande est requise",
   "1361":"Le compte est requis",
   "1362":"Géolocalisation d'erreur",
   "1363":"Le compte expéditeur n'existe pas dans notre base de données",
   "1364":"La requête n'existe pas dans notre base de données",
   "1365":"Erreur inconnue",
   "1366":"Le compte destinataire n'existe pas dans notre base de données",
   "1367":"Le compte du destinataire a été supprimé",
   "1368":"Vous ne pouvez pas être le destinataire et l'expéditeur",
   "1369":"Le compte du destinataire n'existe pas dans notre base de données",
   "1370":"Montant non disponible dans ce compte",
   "1371":"Utilisateur suspendu",
   "1372":"Vous avez été bloqué par votre administration, contactez-nous au: +33 1 21 23 34 34",
   "1373":"Montant est requis",
   "1374":"Le montant doit être supérieur à 0",
   "1375":"Le compte à débiter est requis",
   "1376":"Le compte à créditer est requis",
   "1377":"Vous ne pouvez pas sélectionner le même compte à débiter et créditer",
   "1378":"Erreur Géolocalisation",
   "1379":"Le compte à débiter n'existe pas dans notre base de données",
   "1380":"Le compte à créditer n'existe pas dans notre base de données",
   "1381":"Montant non disponible dans ce compte",
   "1382":"Erreur",
   "1383":"Erreur",
   "1384":"Erreur",
   "1385":"Utilisateur suspendu",
   "1386":"Vous avez été bloqué par votre administration, contactez-nous au: +33 1 21 23 34 34",
   "1387":"Montant est requis",
   "1388":"Le montant doit être supérieur à 0",
   "1389":"Le compte à débiter est requis",
   "1390":"Le compte à créditer est requis",
   "1391":"Vous ne pouvez pas sélectionner le même compte à débiter et créditer",
   "1392":"Erreur Géolocalisation",
   "1393":"Le compte à débiter n'existe pas dans notre base de données",
   "1394":"Le compte à créditer n'existe pas dans notre base de données",
   "1395":"Montant non disponible dans ce compte",
   "1396":"Demande d'erreur",
   "1397":"La requête n'existe pas dans notre base de données",
   "1398":"La demande ne vous appartient pas",
   "1399":"Erreur inconnue",
   "1400":"Erreur inconnue",
   "1401":"Erreur inconnue",
   "1402":"Erreur",
   "1403":"Erreur",
   "1404":"Erreur",
   "1405":"Erreur",
   "1406":"Erreur",
   "1407":"Erreur",
   "1408":"Erreur",
   "1409":"Erreur",
   "1410":"Erreur",
   "1411":"Erreur",
   "1412":"Erreur inconnue",
   "1413":"Erreur inconnue",
   "1414":"Erreur",
   "1415":"Erreur",
   "1416":"Erreur",
   "1417":"Le nom de l'entreprise est requis",
   "1418":"L'indicatif du siège social est requis",
   "1419":"Entrez un téléphone fixe de quartier général valide",
   "1420":"L'indicatif du téléphone fixe est obligatoire",
   "1421":"Le téléphone fixe d'atelier est requis",
   "1422":"Entrez un téléphone fixe magasin valide",
   "1423":"Un courriel de contact est requis",
   "1424":"Le site Web est requis",
   "1425":"L'adresse e-mail est obligatoire",
   "1426":"Le mot de passe est requis",
   "1427":"Un mot de passe de confirmation est requis",
   "1428":"Les mots de passe ne correspondent pas",
   "1429":"Le courrier existe déjà",
   "1430":"Le numéro de téléphone est requis",
   "1431":"Entrez un numéro de portable valide",
   "1432":"Indicatif est requis",
   "1433":"Le numéro de téléphone existe déjà",
   "1434":"Session expirée",
   "1435":"Code erroné ",
   "1436":"La première question est requise",
   "1437":"La question 2 est requise",
   "1438":"La question 3 est requise",
   "1439":"La réponse 1 est requise",
   "1440":"La réponse 2 est requise",
   "1441":"La réponse 3 est requise",
   "1442":"Erreur Geoloc",
   "1443":"Le courrier existe déjà",
   "1444":"Le numéro de téléphone existe déjà",
   "1445":"Erreur inconnue",
   "1446":"Erreur inconnue",
   "1447":"Erreur inconnue",
   "1448":"Erreur inconnue",
   "1449":"Erreur inconnue",
   "1450":"Erreur inconnue",
   "1451":"Le nom de l'entreprise est requis",
   "1452":"Erreur inconnue",
   "1453":"Entrez une adresse e-mail valide",
   "1454":"Le courrier électronique doit être différent du courrier électronique actuel",
   "1455":"Email et confirmation ne correspondent pas",
   "1456":"Erreur",
   "1457":"Le courrier existe déjà",
   "1458":"Entrez une adresse email valide",
   "1459":"Le courriel doit être différent du courriel actuel",
   "1460":"email et confirmation ne correspondent pas",
   "1461":"Erreur",
   "1462":"Le numéro de téléphone est requis",
   "1463":"Entrez un numéro de portable valide",
   "1464":"Le numéro de téléphone doit être différent du courant",
   "1465":"Le numéro de téléphone existe déjà",
   "1466":"Le numéro de téléphone est requis",
   "1467":"Entrez un numéro de portable valide",
   "1468":"Erreur",
   "1469":"Le numéro de téléphone est requis",
   "1470":"Entrez un numéro de portable valide",
   "1471":"Erreur",
   "1472":"L'adresse complète est requise",
   "1473":"Adresse invalide Veuillez sélectionner une adresse dans la liste des autocomplétions.",
   "1474":"La ligne 1 est requise",
   "1475":"La ville est obligatoire",
   "1476":"Le pays est requis",
   "1477":"Erreur",
   "1478":"Erreur",
   "1479":"Erreur",
   "1480":"L'adresse complète est requise",
   "1481":"Adresse invalide Veuillez sélectionner une adresse dans la liste des autocomplétions.",
   "1482":"La ligne 1 est requise",
   "1483":"La ville est requise",
   "1484":"Le pays est requis",
   "1485":"Erreur",
   "1486":"Erreur",
   "1487":"Erreur",
   "1488":"Erreur inconnue",
   "1489":"Erreur inconnue",
   "1490":"Erreur inconnue",
   "1491":"Erreur inconnue",
   "1492":"Erreur inconnue",
   "1493":"Erreur inconnue",
   "1494":"La première question est requise",
   "1495":"La question 2 est requise",
   "1496":"La question 3 est requise",
   "1497":"La réponse 1 est requise",
   "1498":"La réponse 2 est requise",
   "1499":"La réponse 3 est requise",
   "1500":"Erreur inconnue",
   "1501":"Le mot de passe réel est requis",
   "1502":"Le mot de passe réel est erroné",
   "1503":"Nouveau mot de passe requis",
   "1504":"Un mot de passe de confirmation est requis",
   "1505":"Confirmer le mot de passe Doit être égal au mot de passe",
   "1506":"Vous ne pouvez pas utiliser un mot de passe déjà utilisé",
   "1507":"Session expirée",
   "1508":"Erreur inconnue",
   "1509":"Erreur inconnue",
   "1510":"Erreur inconnue",
   "1511":"Code erroné",
   "1512":"Action définie",
   "1513":"Le mot de passe est requis",
   "1514":"Mot de passe incorrect",
   "1515":"Vous ne pouvez pas supprimer votre profil avant d'avoir partagé des comptes.",
   "1516":"Vous ne pouvez pas supprimer votre profil avant d'avoir de l'argent sur vos comptes ou des demandes en attente de validation.",
   "1517":"Session expirée",
   "1518":"Action définie",
   "1519":"Session expirée",
   "1520":"Mauvais code",
   "1521":"Action définie",
   "1522":"Les types de tables sont vides",
   "1523":"Le type d'entreprise est requis",
   "1524":"La sous-catégorie est requise",
   "1525":"Erreur",
   "1526":"Erreur",
   "1527":"Erreur",
   "1528":"Le type d'entreprise est requis",
   "1529":"Numéro de TVA requis",
   "1530":"La sous-catégorie est requise",
   "1531":"Erreur",
   "1532":"Erreur",
   "1533":"Erreur",
   "1534":"Erreur",
   "1535":"Erreur",
   "1536":"Erreur",
   "1537":"Erreur",
   "1538":"Erreur",
   "1539":"Nom d'entreprise invalide",
   "1540":"Adresse de site Web non valide",
   "1541":"Le nom de marque est requis",
   "1542":"Nom de marque invalide",
   "1543":"La description est requise",
   "1544":"Un e-mail de confirmation est requis",
   "1545":"Adresse e-mail du contact non valide",
   "1546":"Votre mot de passe doit contenir au moins une majuscule, une lettre minuscule un chiffre et au moins 8 caractères",
   "1547":"Prénom invalide",
   "1548":"Nom de famille invalide",
   "1549":"Le code postal est obligatoire",
   "1550":"Code postal invalide",
   "1551":"Code invalide",
   "1552":"Le numéro de téléphone fixe du siège social est requis",
   "1553":"Numéro de téléphone fixe du siège social invalide",
   "1554":"Confirmer le téléphone est requis",
   "1555":"Confirmer que le téléphone doit être égal au téléphone",
   "1556":"La date de création est requise",
   "1557":"Vous devez avoir plus de 12 ans",
   "1558":"Date de création non valide",
   "1559":"Erreur",
   "1560":"Nom de compte invalide",
   "1561":"Le nom du compte doit impérativement commencer par une lettre",
   "1562":"Erreur inconnue",
   "1563":"Session expirée",
   "1564":"Erreur inconnue",
   "1565":"Erreur inconnue",
   "1566":"Erreur inconnue",
   "1567":"Erreur inconnue",
   "1568":"Erreur inconnue",
   "1569":"Erreur inconnue",
   "1570":"Erreur inconnue",
   "1571":"Erreur inconnue",
   "1572":"Erreur inconnue",
   "1573":"Erreur inconnue",
   "1574":"Erreur inconnue",
   "1575":"Erreur inconnue",
   "1576":"Erreur inconnue",
   "1577":"Erreur inconnue",
   "1578":"Erreur inconnue",
   "1579":"Erreur inconnue",
   "1580":"Erreur inconnue",
   "1581":"Erreur inconnue",
   "1582":"Erreur inconnue",
   "1583":"Erreur inconnue",
   "1584":"Erreur inconnue",
   "1585":"Erreur inconnue",
   "1586":"Erreur inconnue",
   "1587":"Erreur inconnue",
   "1588":"Erreur inconnue",
   "1589":"Le code est requis",
   "1590":"Votre code doit contenir 4 chiffres",
   "1591":"Le code est requis",
   "1592":"Votre code doit contenir 4 chiffres",
   "1593":"Un code de confirmation est requis",
   "1594":"Les codes ne correspondent pas",
   "1595":"Le code de confirmation est requis",
   "1596":"Les codes ne correspondent pas",
   "1597":"Le code de verrouillage réel est requis",
   "1598":"Le code de verrouillage actuel est erroné",
   "1599":"Le code de verrouillage est requis",
   "1600":"Votre code de verrouillage doit contenir 4 numéros",
   "1601":"Le code de verrouillage de confirmation est requis",
   "1602":"Les codes de verrouillage ne correspondent pas",
   "1603":"Erreur inconnue",
   "1604":"Le code de verrouillage est requis",
   "1605":"Votre code de verrouillage doit contenir 4 numéros",
   "1606":"Le code de verrouillage de confirmation est requis",
   "1607":"Les codes de verrouillage ne correspondent pas",
   "1608":"Erreur inconnue",
   "1609":"Erreur inconnue",
   "1610":"Erreur inconnue",
   "1611":"L'adresse e-mail est obligatoire",
   "1612":"Le mot de passe est requis",
   "1613":"Utilisateur suspendu",
   "1614":"Erreur inconnue",
   "1615":"Email invalide",
   "1616":"Erreur inconnue",
   "1617":"Email / mot de passe invalide",
   "1618":"Utilisateur suspendu",
   "1619":"Erreur inconnue",
   "1620":"Email invalide",
   "1621":"Erreur inconnue",
   "1622":"Email / mot de passe invalide",
   "1623":"Vous avez été bloqué par votre administration, contactez-nous au: +33 1 21 23 34 34",
   "1624":"Le compte n'existe pas",
   "1625":"Erreur: vous êtes connecté à partir d'une zone inhabituelle",
   "1626":"Erreur: Vous êtes connecté à partir d'une zone inhabituelle",
   "1627":"Erreur inconnue",
   "1628":"Erreur inconnue",
   "1629":"Erreur inconnue",
   "1630":"Erreur",
   "1631":"Erreur",
   "1632":"Déjà validé",
   "1633":"Erreur",
   "1634":"Vous devez valider le dernier changement",
   "1635":"Erreur",
   "1636":"L’e-mail existe déjà",
   "1637":"Erreur",
   "1638":"L’e-mail existe déjà",
   "1639":"Erreur",
   "1640":"Erreur inconnue",
   "1641":"Erreur inconnue",
   "1642":"Le compte n'existe pas",
   "1643":"Le compte n'existe pas",
   "1644":"Vous avez reçu une notification sur le compte {{fullname}} voulez-vous vous connecter à ce compte pour voir cette notification?",
   "1645":"Erreur inconnue",
   "1646":"Erreur inconnue",
   "1647":"Le compte n'existe pas",
   "1648":"Vous ne pouvez pas afficher cette notification, car votre compte {{email}} est suspendu",
   "1649":"Erreur inconnue",
   "1650":"Pour afficher cette notification, vous devez valider votre adresse e-mail {{email}}",
   "1651":"Erreur inconnue",
   "1652":"Vous ne pouvez pas afficher cette notification, car votre compte {{email}} est suspendu",
   "1653":"Erreur inconnue",
   "1654":"Pour afficher cette notification, vous devez valider votre adresse e-mail {{email}}",
   "1655":"Erreur inconnue",
   "1656":"Vous ne pouvez pas supprimer le compte principal",
   "1657":"Vous ne pouvez pas supprimer le compte principal",
   "1658":"Erreur",
   "1659":"Erreur",
   "1660":"Erreur",
   "1661":"Erreur",
   "1662":"Erreur",
   "1663":"Erreur",
   "1664":"Erreur",
   "1665":"Erreur",
   "1666":"Erreur",
   "1667":"Erreur",
   "1668":"Erreur",
   "1669":"Erreur",
   "1670":"Erreur",
   "1671":"Erreur",
   "1672":"Erreur",
   "1673":"Erreur",
   "1674":"Erreur",
   "1675":"Erreur",
   "1676":"Erreur",
   "1677":"L'IBAN est requis",
   "1678":"IBAN invalide",
   "1679":"date de naissance invalide",
   "1680":"Erreur",
   "1681":"Erreur",
   "1682":"Erreur",
   "1683":"L'IBAN est requis",
   "1684":"Le prénom est requis",
   "1685":"Le nom de famille est requis",
   "1686":"L'adresse complète est requise",
   "1687":"La ville est requise",
   "1688":"Zip est obligatoire",
   "1689":"Le pays est requis",
   "1690":"Erreur",
   "1691":"Erreur",
   "1692":"Erreur",
   "1693":"Erreur",
   "1694":"Erreur",
   "1695":"Erreur",
   "1696":"L'IBAN existe déjà",
   "1697":"Erreur",
   "1698":"Erreur",
   "1699":"Erreur",
   "1700":"Erreur",
   "1701":"Erreur",
   "1702":"Erreur",
   "1703":"Erreur",
   "1704":"Erreur",
   "1705":"Erreur",
   "1706":"Session expirée",
   "1707":"Le lieu de naissance est requis",
   "1708":"L'adresse complète est requise",
   "1709":"Adresse invalide Veuillez sélectionner une adresse dans la liste des auto complétions.",
   "1710":"La ligne 1 est requise",
   "1711":"La ville est requise",
   "1712":"Le pays est requis",
   "1713":"La nationalité est requise",
   "1714":"Pays de naissance requis",
   "1715":"Le numéro de TVA est requis",
   "1716":"La date d'inscription est requise",
   "1717":"Le type d'entreprise est requis",
   "1718":"Le capital social est requis",
   "1719":"Session expirée",
   "1720":"L'adresse complète est requise",
   "1721":"Adresse invalide Veuillez sélectionner une adresse dans la liste des auto complétions.",
   "1722":"La ligne 1 est requise",
   "1723":"La ville est requise",
   "1724":"Le pays est requis",
   "1725":"Erreur",
   "1726":"Erreur inconnue",
   "1727":"Erreur inconnue",
   "1728":"Erreur inconnue",
   "1729":"Erreur inconnue",
   "1730":"Erreur inconnue",
   "1731":"Le lieu de naissance est requis",
   "1732":"Pays de naissance requis",
   "1733":"La nationalité est requise",
   "1734":"Erreur inconnue",
   "1735":"Erreur inconnue",
   "1736":"Erreur inconnue",
   "1737":"Erreur inconnue",
   "1738":"Erreur inconnue",
   "1739":"Erreur inconnue",
   "1740":"Erreur inconnue",
   "1741":"Erreur inconnue",
   "1742":"Erreur inconnue",
   "1743":"Erreur inconnue",
   "1744":"Erreur inconnue",
   "1745":"Erreur inconnue",
   "1746":"Erreur inconnue",
   "1747":"Erreur inconnue",
   "1748":"Erreur inconnue",
   "1749":"Erreur inconnue",
   "1750":"Erreur",
   "1751":"Erreur",
   "1752":"Erreur",
   "1753":"Erreur",
   "1754":"Erreur",
   "1755":"Erreur",
   "1756":"Erreur",
   "1757":"Erreur",
   "1758":"Erreur inconnue",
   "1759":"Erreur inconnue",
   "1760":"Erreur",
   "1761":"Erreur",
   "1762":"Erreur",
   "1763":"Erreur",
   "1764":"Erreur",
   "1765":"Erreur",
   "1766":"Erreur",
   "1767":"Erreur",
   "1768":"Erreur",
   "1769":"Un compte avec la même adresse email existe déjà. Voulez-vous le réactiver?",
   "1770":"Un compte avec les mêmes informations existe déjà. Voulez-vous le réactiver?",
   "1771":"Un compte avec la même adresse email existe déjà, mais il a été bloqué par notre administration, merci de nous contacter au: +33 1 21 23 34 34",
   "1772":"Un compte avec le même nom et la même date de naissance existe déjà",
   "1773":"Un compte avec la même adresse email existe déjà. Voulez-vous le réactiver?",
   "1774":"Un compte avec les mêmes informations existe déjà. Voulez-vous le réactiver?",
   "1775":"Un compte avec la même adresse mail existe déjà, mais il a été bloqué par notre administration, merci de nous contacter au: +33 1 21 23 34 34",
   "1776":"Un compte avec le même nom et la même date de naissance existe déjà",
   "1777":"Erreur",
   "1778":"Erreur",
   "1779":"Erreur",
   "1780":"Erreur",
   "1781":"Session expirée",
   "1782":"Erreur",
   "1783":"Compte déjà activé",
   "1784":"Compte bloqué par notre administration, contactez-nous au: +33 1 21 23 34 34",
   "1785":"Votre compte a été réactivé avec succès et un e-mail de validation vous a été envoyé",
   "1786":"Erreur",
   "1787":"Erreur",
   "1788":"Erreur",
   "1789":"Erreur",
   "1790":"Erreur",
   "1791":"Erreur",
   "1792":"Erreur",
   "1793":"Erreur",
   "1794":"Erreur",
   "1795":"Erreur",
   "1796":"Erreur",
   "1797":"Erreur",
   "1798":"Erreur",
   "1799":"Erreur",
   "1800":"Erreur",
   "1801":"Erreur",
   "1802":"Erreur Treezor",
   "1803":"Erreur",
   "1804":"Erreur",
   "1805":"Erreur",
   "1806":"Erreur",
   "1807":"Erreur",
   "1808":"Erreur",
   "1809":"Erreur",
   "1810":"Erreur",
   "1811":"Erreur",
   "1812":"Erreur",
   "1813":"Erreur",
   "1814":"Erreur",
   "1815":"Erreur",
   "1816":"Erreur",
   "1817":"Erreur",
   "1818":"Erreur",
   "1819":"Erreur",
   "1820":"Erreur",
   "1821":"Erreur",
   "1822":"La table des pays est vide",
   "1823":"Pays de naissance invalide Veuillez sélectionner la ville de naissance dans la liste des autocomplétions.",
   "1824":"Nationalité invalide Veuillez sélectionner un pays dans la liste des autocomplétions.",
   "1825":"Pays de naissance invalide, veuillez sélectionner la ville de naissance dans la liste des autocomplétions.",
   "1826":"Nationalité invalide Veuillez sélectionner un pays dans la liste des autocomplétions.",
   "1827":"Un compte avec la même adresse email existe déjà. Voulez-vous le réactiver?",
   "1828":"Un compte avec les mêmes informations existe déjà. Voulez-vous le réactiver?",
   "1829":"Un compte avec la même adresse mail existe déjà, mais il a été bloqué par notre administration, contactez-nous au: +33 1 21 23 34 34",
   "1830":"Un compte avec le même magasin et la même marque existe déjà",
   "1831":"Un compte avec la même adresse email existe déjà. Voulez-vous le réactiver?",
   "1832":"Un compte avec les mêmes informations existe déjà. Voulez-vous le réactiver?",
   "1833":"Un compte avec la même adresse email existe déjà, mais il a été bloqué par notre administration, merci de nous contacter au: +33 1 21 23 34 34",
   "1834":"Un compte avec le même magasin et la même marque existe déjà",
   "1835":"Un compte avec les mêmes informations existe déjà, mais il a été bloqué par notre administration, contactez-nous au: +33 1 21 23 34 34",
   "1836":"Un compte avec les mêmes informations existe déjà, mais il a été bloqué par notre administration, contactez-nous au: +33 1 21 23 34 34",
   "1837":"Un compte avec les mêmes informations existe déjà, mais il a été bloqué par notre administration, contactez-nous au: +33 1 21 23 34 34",
   "1838":"Un compte avec les mêmes informations existe déjà, mais il a été bloqué par notre administration, contactez-nous au: +33 1 21 23 34 34",
   "1839":"Erreur Treezor",
   "1840":"Erreur Treezor inconnue",
   "1841":"Erreur",
   "1842":"Erreur",
   "1843":"Erreur",
   "1844":"Erreur",
   "1845":"Erreur",
   "1846":"Erreur",
   "1847":"Erreur",
   "1848":"L'email existe déjà",
   "1849":"Erreur",
   "1850":"Erreur",
   "1851":"Erreur",
   "1852":"Un compte avec le même nom et la même date de naissance existe déjà",
   "1853":"Un compte avec le même magasin et la même marque existe déjà",
   "1854":"Erreur Treezor",
   "1855":"Erreur Treezor inconnue",
   "1856":"Erreur Treezor",
   "1857":"Erreur Treezor inconnue",
   "1858":"Erreur Treezor",
   "1859":"Erreur Treezor inconnue",
   "1860":"Erreur Treezor inconnue",
   "1861":"Erreur",
   "1862":"Erreur",
   "1863":"Erreur",
   "1864":"Erreur",
   "1865":"Erreur",
   "1866":"Erreur",
   "1867":"Erreur",
   "1868":"Erreur",
   "1869":"Erreur",
   "1870":"Erreur",
   "1871":"Erreur",
   "1872":"Erreur",
   "1873":"Erreur",
   "1874":"Aucune photo mise en ligne",
   "1875":"Erreur",
   "1876":"Erreur",
   "1877":"Erreur",
   "1879":"Erreur",
   "1880":"Erreur",
   "1881":"Erreur",
   "1882":"Erreur",
   "1883":"Erreur",
   "1884":"Erreur",
   "1885":"Erreur",
   "1886":"Erreur",
   "1887":"Erreur",
   "1888":"Erreur",
   "1889":"Erreur",
   "1890":"Erreur",
   "1891":"Erreur",
   "1892":"Erreur",
   "1893":"Erreur",
   "1894":"Erreur",
   "1895":"Erreur",
   "1896":"Erreur",
   "1897":"Erreur",
   "1898":"Erreur",
   "1899":"Erreur",
   "1900":"Erreur",
   "1901":"Erreur",
   "1902":"Erreur",
   "1903":"Erreur",
   "1904":"Erreur",
   "1905":"Erreur",
   "1906":"Erreur",
   "1907":"Erreur",
   "1908":"Erreur",
   "1909":"Erreur",
   "1910":"Erreur",
   "1911":"Erreur",
   "1912":"Erreur",
   "1913":"Erreur",
   "1914":"Erreur",
   "1915":"Erreur",
   "1916":"Erreur",
   "1917":"Erreur",
   "1918":"Erreur",
   "1919":"Erreur",
   "1920":"Erreur",
   "1921":"Erreur",
   "1922":"Erreur",
   "1923":"Erreur",
   "1924":"Erreur",
   "1925":"Erreur",
   "1926":"Erreur",
   "1927":"Erreur",
   "1928":"Erreur",
   "1929":"Erreur",
   "1930":"Erreur",
   "1931":"Erreur",
   "1932":"Erreur",
   "1933":"Erreur",
   "1934":"Erreur",
   "1935":"Erreur",
   "1936":"Erreur",
   "1937":"Erreur",
   "1938":"Erreur",
   "1939":"Erreur",
   "1940":"Erreur",
   "1941":"Erreur",
   "1942":"Erreur",
   "1943":"Erreur",
   "1944":"Erreur",
   "1945":"Erreur",
   "1946":"Erreur",
   "1947":"Erreur",
   "1948":"Erreur",
   "1949":"Erreur",
   "1950":"Erreur",
   "1951":"Erreur",
   "1952":"Erreur",
   "1953":"Erreur",
   "1954":"Erreur",
   "1955":"Erreur",
   "1956":"Erreur",
   "1957":"Erreur",
   "1958":"Erreur",
   "1959":"Erreur",
   "1960":"Erreur",
   "1961":"Erreur",
   "1962":"Erreur",
   "1963":"Erreur",
   "1964":"Erreur",
   "1965":"Erreur",
   "1966":"Erreur",
   "1967":"Erreur",
   "1968":"Erreur",
   "1969":"Erreur",
   "1970":"Erreur",
   "1971":"Erreur",
   "1972":"Erreur",
   "1973":"Erreur",
   "1974":"Erreur",
   "1975":"Erreur",
   "1976":"Erreur",
   "1977":"Erreur",
   "1978":"Erreur",
   "1979":"Erreur",
   "1980":"Erreur",
   "1981":"Erreur",
   "1982":"Erreur",
   "1983":"Erreur",
   "1984":"Erreur",
   "1985":"Erreur",
   "1986":"Erreur",
   "1987":"Erreur",
   "1988":"Erreur",
   "1989":"Erreur",
   "1990":"Erreur",
   "1991":"Erreur",
   "1992":"Erreur",
   "1993":"Erreur",
   "1994":"Erreur",
   "1995":"Erreur",
   "1996":"Erreur",
   "1997":"Erreur",
   "1998":"Erreur",
   "1999":"Erreur",
   "2000":"Erreur",
   "2001":"Erreur",
   "2002":"Erreur",
   "2003":"Erreur",
   "2004":"Erreur",
   "2005":"Erreur",
   "2006":"Erreur",
   "2007":"Erreur",
   "2008":"Erreur",
   "2009":"Erreur",
   "2010":"Erreur",
   "2011":"Erreur",
   "2012":"Erreur",
   "2013":"Erreur",
   "2014":"Erreur",
   "2015":"Erreur",
   "2016":"Erreur",
   "2017":"Erreur",
   "2018":"Erreur",
   "2019":"Erreur",
   "2020":"Erreur",
   "2021":"Erreur",
   "2022":"Erreur",
   "2023":"Erreur",
   "2024":"BIC est requis",
   "2025":"Erreur Treezor",
   "2026":"Erreur Treezor",
   "2027":"Utilisateur suspendu",
   "2028":"Vous avez été bloqué par votre administration, contactez-nous au: +33 1 21 23 34 34",
   "2029":"Montant est requis",
   "2030":"Le montant doit être supérieur à 0",
   "2031":"Le compte est requis",
   "2032":"Vous devez ajouter l'expéditeur",
   "2033":"Erreur de géolocalisation ",
   "2034":"Le compte n'existe pas dans notre base de données",
   "2035":"Le compte réel n'existe pas dans notre base de données",
   "2036":"Expéditeur invalide",
   "2037":"Erreur",
   "2038":"Erreur",
   "2039":"Erreur",
   "2040":"Erreur",
   "2041":"Erreur",
   "2042":"Erreur",
   "2043":"Erreur",
   "2044":"Erreur",
   "2045":"Erreur",
   "2046":"Erreur",
   "2047":"Erreur",
   "2048":"Erreur",
   "2049":"Erreur",
   "2050":"Erreur",
   "2051":"Erreur Treezor",
   "2052":"Erreur Treezor",
   "2053":"Utilisateur suspendu",
   "2054":"Vous avez été bloqué par votre administration, contactez-nous au: +33 1 21 23 34 34",
   "2055":"Montant est requis",
   "2056":"Le montant doit être supérieur à 0",
   "2057":"Le compte est requis",
   "2058":"Vous devez ajouter un destinataire",
   "2059":"Géolocalisation d'erreur",
   "2060":"Le compte n'existe pas dans notre base de données",
   "2061":"Le compte réel n'existe pas dans notre base de données",
   "2062":"Destinataire invalide",
   "2063":"Montant non disponible dans ce compte",
   "2064":"Erreur",
   "2065":"Erreur",
   "2066":"Erreur",
   "2067":"Erreur",
   "2068":"Erreur",
   "2069":"Erreur",
   "2070":"Erreur",
   "2071":"Erreur",
   "2072":"Erreur",
   "2073":"Erreur",
   "2074":"Erreur",
   "2075":"Erreur",
   "2076":"Erreur",
   "2077":"Erreur",
   "2078":"Erreur",
   "2079":"Erreur",
   "2080":"Erreur",
   "2081":"Erreur",
   "2082":"Erreur",
   "2083":"Erreur",
   "2084":"Erreur",
   "2085":"Erreur",
   "2086":"Erreur",
   "2087":"save geoloc",
   "2088":"Erreur",
   "2089":"Erreur ",
   "2090":"Erreur",
   "2091":"Erreur",
   "2092":"Erreur",
   "2093":"Erreur",
   "2094":"Erreur",
   "2095":"Erreur",
   "2096":"Erreur",
   "2097":"Erreur ",
   "2098":"Erreur Treezor",
   "2099":"Erreur",
   "2100":"Erreur Treezor",
   "2101":"Erreur Treezor",
   "2102":"Erreur Treezor",
   "2103":"Erreur",
   "2104":"Erreur",
   "2105":"Erreur",
   "2106":"Erreur",
   "2107":"Erreur",
   "2108":"Erreur",
   "2109":"Erreur",
   "2110":"Erreur Treezor",
   "2111":"Erreur",
   "2112":"Erreur",
   "2113":"Erreur",
   "2114":"Erreur",
   "2115":"Revenu est requis",
   "2116":"Le revenu est requis",
   "2117":"Le numéro d'enregistrement est requis",
   "2118":"Nombre d'employés requis",
   "2119":"Le revenu net est requis",
   "2120":"Le chiffre d'affaires annuel est requis",
   "2121":"La sous-catégorie est requise",
   "2122":"Gamme de revenus invalide",
   "2123":"Nombre d'employés invalide",
   "2124":"Fourchette de revenu net invalide",
   "2125":"Fourchette de chiffre d'affaires annuel invalide",
   "2126":"Gamme de revenus invalide",
   "2127":"Le nom de marque est requis",
   "2128":"La date d'enregistrement est requise",
   "2129":"Le site Web est requis",
   "2130":"Le capital social est requis",
   "2131":"Le numéro d'enregistrement est requis",
   "2132":"Nombre d'employés requis",
   "2133":"Nombre d'employés invalide",
   "2134":"Le revenu net est requis",
   "2135":"Fourchette de revenu net invalide",
   "2136":"Le chiffre d'affaires annuel est requis",
   "2137":"Fourchette de chiffre d'affaires annuel invalide",
   "2138":"Erreur",
   "2139":"Erreur",
   "2140":"Erreur",
   "2141":"Erreur",
   "2142":"Erreur",
   "2143":"Erreur",
   "2144":"NAF est requis",
   "2145":"L'utilisateur est requis",
   "2146":"Erreur",
   "2147":"L'utilisateur doit être validé",
   "2148":"L'utilisateur a été bloqué par votre administration, contactez-nous au: +33 1 21 23 34 34",
   "2149":"Utilisateur déjà lié à un magasin",
   "2150":"Erreur",
   "2151":"Pourcentage invalide",
   "2152":"Le pourcentage doit être supérieur à 25%",
   "2153":"Le pourcentage doit être d'au moins 10%",
   "2154":"Le pourcentage total ne peut être supérieur à 100%",
   "2155":"Erreur",
   "2156":"Erreur",
   "2157":"L'utilisateur est requis",
   "2158":"Le partenaire n'existe pas",
   "2159":"Erreur",
   "2160":"Erreur",
   "2161":"Erreur",
   "2162":"Erreur",
   "2163":"Le type d'association est requis",
   "2164":"La catégorie d'association est requise",
   "2165":"Erreur",
   "2166":"Erreur",
   "2167":"Erreur",
   "2168":"L'utilisateur est requis",
   "2169":"Erreur",
   "2170":"L'utilisateur doit être validé",
   "2171":"L'utilisateur a été bloqué par votre administration, contactez-nous au: +33 1 21 23 34 34",
   "2172":"Erreur",
   "2173":"Utilisateur déjà lié à un magasin",
   "2174":"Erreur",
   "2175":"Erreur",
   "2176":"Erreur",
   "2177":"Erreur",
   "2178":"Erreur",
   "2179":"Erreur",
   "2180":"Erreur",
   "2181":"Erreur",
   "2182":"Erreur",
   "2183":"Erreur",
   "2184":"Erreur",
   "2185":"Erreur",
   "2186":"Erreur",
   "2187":"Erreur d'envoi du SMS",
   "2188":"Erreur",
   "2189":"Erreur ",
   "2190":"Le prénom est requis",
   "2191":"Votre nom de famille est requis",
   "2192":"Votre date de naissance est requise",
   "2193":"Le lieu de naissance est requis",
   "2194":"Pays de naissance requis",
   "2195":"La nationalité est requise",
   "2196":"Revenu est requis",
   "2197":"Gamme de revenus invalide",
   "2198":"Votre adresse e-mail est obligatoire",
   "2199":"Pays de naissance invalide Veuillez sélectionner la ville de naissance dans la liste des auto complétions.",
   "2200":"Nationalité invalide Veuillez sélectionner un pays dans la liste des auto complétions.",
   "2201":" L’e-mail existe déjà",
   "2202":"Erreur",
   "2203":"Erreur",
   "2204":"Session expirée",
   "2205":"Pourcentage invalide",
   "2206":"Le pourcentage doit être supérieur à 25% et inférieur à 100%",
   "2207":"Le pourcentage doit être d'au moins 10% et inférieur à 25%",
   "2208":"Erreur Geoloc",
   "2209":"L’e-mail existe déjà",
   "2210":"Erreur",
   "2211":"Erreur",
   "2212":"Erreur",
   "2213":"Le pourcentage total ne peut être supérieur à 100%",
   "2214":"Aucun document de validation des informations personnelles n'a été téléchargé",
   "2215":"Aucun document de validation d'adresse n'a été téléchargé",
   "2216":"Erreur",
   "2217":"Erreur",
   "2218":"Erreur",
   "2219":"Erreur",
   "2220":"Erreur",
   "2221":"Erreur",
   "2222":"Erreur",
   "2223":"Erreur",
   "2224":"Erreur",
   "2225":"Erreur",
   "2226":"Erreur",
   "2227":"pourcentage requis",
   "2228":"Erreur",
   "2229":"Erreur",
   "2230":"La catégorie est requise",
   "2231":"Erreur",
   "2232":"Erreur",
   "2233":"Erreur",
   "2234":"Erreur",
   "2235":"Erreur",
   "2236":"Erreur",
   "2237":"Erreur",
   "2238":"Erreur",
   "2239":"Erreur",
   "2240":"Erreur",
   "2241":"Erreur",
   "2242":"Erreur",
   "2243":"Une commission d'association est requise",
   "2244":"La commission d'association doit être comprise entre 0,2 et 1%",
   "2245":"Erreur",
   "2246":"Erreur",
   "2247":"Erreur",
   "2248":"Erreur",
   "2249":"Erreur",
   "2250":"Erreur",
   "2251":"Erreur",
   "2252":"Erreur",
   "2253":"Erreur",
   "2254":"Vous devez sélectionner une association avant de procéder à un transfert",
   "2255":"Erreur",
   "2256":"Erreur",
   "2257":"Erreur",
   "2258":"Erreur",
   "2259":"Erreur",
   "2260":"Erreur",
   "2261":"Erreur",
   "2262":"Erreur",
   "2263":"Erreur",
   "2264":"Erreur",
   "2265":"Erreur",
   "2266":"Erreur",
   "2267":"Erreur",
   "2268":"Erreur",
   "2269":"Erreur",
   "2270":"Erreur",
   "2271":"Erreur",
   "2272":"Erreur",
   "2273":"Erreur",
   "2274":"Erreur",
   "2275":"Erreur",
   "2276":"Erreur",
   "2277":"Erreur",
   "2278":"Erreur",
   "2279":"Erreur",
   "2280":"Erreur",
   "2281":"Erreur",
   "2282":"Erreur",
   "2283":"Erreur",
   "2284":"Erreur",
   "2285":"Erreur",
   "2286":"Erreur",
   "2287":"Erreur",
   "2288":"Erreur",
   "2289":"Erreur",
   "2290":"Erreur",
   "2291":"Erreur",
   "2292":"Erreur",
   "2293":"Erreur",
   "2294":"Erreur",
   "2295":"L'adresse e-mail est obligatoire",
   "2296":"Aucun utilisateur trouvé par cette adresse e-mail",
   "2297":"Erreur",
   "2298":"Erreur",
   "2299":"Erreur",
   "2300":"Erreur",
   "2301":"Erreur",
   "2302":"Erreur",
   "2303":"Erreur",
   "2304":"Erreur",
   "2305":"Erreur",
   "2306":"Erreur",
   "2307":"Erreur",
   "2308":"Vous ne pouvez pas faire plus que deux transfert par mois",
   "2309":"Erreur",
   "2310":"Erreur",
   "2311":"Erreur",
   "2312":"Erreur",
   "2313":"Erreur",
   "2314":"Erreur",
   "2315":"Erreur",
   "2316":"Erreur",
   "2317":"Erreur",
   "2318":"Erreur",
   "2319":"Erreur",
   "2320":"Erreur",
   "2321":"Le fichier est trop volumineux",
   "2322":"Le fichier est trop petit",
   "2323":"Erreur",
   "2324":"Le fichier est trop petit",
   "2325":"Motif est requis",
   "2326":"La raison sociale est requise",
   "2327":"La raison sociale est requise",
   "2328":"La raison sociale est requise",
   "2329":"La raison sociale est requise",
   "2330":"Erreur",
   "2331":"La raison sociale est requise",
   "2332":"La raison sociale est requise",
   "2333":"Erreur",
   "2334":"Erreur",
   "2335":"Erreur",
   "2336":"Erreur",
   "2337":"Erreur",
   "2338":"Erreur",
   "2339":"Erreur",
   "2340":"Erreur",
   "2341":"Erreur",
   "2342":"Erreur",
   "2343":"Erreur",
   "2344":"Erreur",
   "2345":"Erreur",
   "2346":"Erreur",
   "2347":"Erreur",
   "2348":"Erreur",
   "2349":"Erreur",
   "2350":"Erreur",
   "2351":"Erreur",
   "2352":"Erreur",
   "2353":"Erreur"
}